insert into person(id,name,gender) values(-1, 'yoda', 'Male');
insert into person(id,name,gender) values(-2, 'frodo', 'Male');
insert into person(id,name,gender) values(-3, 'goku', 'Male');
insert into person(id,name,gender) values(-4,'Leonardo','Male');
insert into person(id,name,gender) values(-5,'Francesco','Male');
insert into person(id,name,gender) values(-6,'Alessandro','Male');
insert into person(id,name,gender) values(-7,'Lorenzo','Male');
insert into person(id,name,gender) values(-8,'Mattia','Male');
insert into person(id,name,gender) values(-9,'Tommaso','Male');
insert into person(id,name,gender) values(-10,'Gabriele','Male');
insert into person(id,name,gender) values(-11,'Andrea','Male');
insert into person(id,name,gender) values(-12,'Riccardo','Male');
insert into person(id,name,gender) values(-13,'Edoardo','Male');
insert into person(id,name,gender) values(-14,'Matteo','Male');
insert into person(id,name,gender) values(-15,'Diego','Male');
insert into person(id,name,gender) values(-16,'Nicolo','Male');
insert into person(id,name,gender) values(-17,'Giuseppe','Male');
insert into person(id,name,gender) values(-18,'Antonio','Male');
insert into person(id,name,gender) values(-19,'Federico','Male');
insert into person(id,name,gender) values(-20,'Giovanni','Male');
insert into person(id,name,gender) values(-21,'Pietro','Male');
insert into person(id,name,gender) values(-22,'Filippo','Male');
insert into person(id,name,gender) values(-23,'Samuele','Male');
insert into person(id,name,gender) values(-24,'Davide','Male');
insert into person(id,name,gender) values(-25,'Christian','Male');
insert into person(id,name,gender) values(-26,'Michele','Male');
insert into person(id,name,gender) values(-27,'Enea','Male');
insert into person(id,name,gender) values(-28,'Marco','Male');
insert into person(id,name,gender) values(-29,'Giulio','Male');
insert into person(id,name,gender) values(-30,'Luca','Male');
insert into person(id,name,gender) values(-31,'Gioele','Male');
insert into person(id,name,gender) values(-32,'Gabriel','Male');
insert into person(id,name,gender) values(-33,'Elia','Male');
insert into person(id,name,gender) values(-34,'Salvatore','Male');
insert into person(id,name,gender) values(-35,'Alessio','Male');
insert into person(id,name,gender) values(-36,'Simone','Male');
insert into person(id,name,gender) values(-37,'Emanuele','Male');
insert into person(id,name,gender) values(-38,'Vincenzo','Male');
insert into person(id,name,gender) values(-39,'Jacopo','Male');
insert into person(id,name,gender) values(-40,'Thomas','Male');
insert into person(id,name,gender) values(-41,'Giacomo','Male');
insert into person(id,name,gender) values(-42,'Samuel','Male');
insert into person(id,name,gender) values(-43,'Daniele','Male');
insert into person(id,name,gender) values(-44,'Manuel','Male');
insert into person(id,name,gender) values(-45,'Daniel','Male');
insert into person(id,name,gender) values(-46,'Luigi','Male');
insert into person(id,name,gender) values(-47,'Nathan','Male');
insert into person(id,name,gender) values(-48,'Liam','Male');
insert into person(id,name,gender) values(-49,'Noah','Male');
insert into person(id,name,gender) values(-50,'Giorgio','Male');
insert into person(id,name,gender) values(-51,'Cristian','Male');
insert into person(id,name,gender) values(-52,'Domenico','Male');
insert into person(id,name,gender) values(-53,'Raffaele','Male');
insert into person(id,name,gender) values(-54,'Sofia','Female');
insert into person(id,name,gender) values(-55,'Giulia','Female');
insert into person(id,name,gender) values(-56,'Aurora','Female');
insert into person(id,name,gender) values(-57,'Ginevra','Female');
insert into person(id,name,gender) values(-58,'Alice','Female');
insert into person(id,name,gender) values(-59,'Beatrice','Female');
insert into person(id,name,gender) values(-60,'Emma','Female');
insert into person(id,name,gender) values(-61,'Giorgia','Female');
insert into person(id,name,gender) values(-62,'Vittoria','Female');
insert into person(id,name,gender) values(-63,'Matilde','Female');
insert into person(id,name,gender) values(-64,'Ludovica','Female');
insert into person(id,name,gender) values(-65,'Anna','Female');
insert into person(id,name,gender) values(-66,'Nicole','Female');
insert into person(id,name,gender) values(-67,'Chiara','Female');
insert into person(id,name,gender) values(-68,'Bianca','Female');
insert into person(id,name,gender) values(-69,'Greta','Female');
insert into person(id,name,gender) values(-70,'Camilla','Female');
insert into person(id,name,gender) values(-71,'Gaia','Female');
insert into person(id,name,gender) values(-72,'Martina','Female');
insert into person(id,name,gender) values(-73,'Sara','Female');
insert into person(id,name,gender) values(-74,'Arianna','Female');
insert into person(id,name,gender) values(-75,'Noemi','Female');
insert into person(id,name,gender) values(-76,'Mia','Female');
insert into person(id,name,gender) values(-77,'Rebecca','Female');
insert into person(id,name,gender) values(-78,'Francesca','Female');
insert into person(id,name,gender) values(-79,'Elena','Female');
insert into person(id,name,gender) values(-80,'Azzurra','Female');
insert into person(id,name,gender) values(-81,'Adele','Female');
insert into person(id,name,gender) values(-82,'Isabel','Female');
insert into person(id,name,gender) values(-83,'Alessia','Female');
insert into person(id,name,gender) values(-84,'Chloe','Female');
insert into person(id,name,gender) values(-85,'Gioia','Female');
insert into person(id,name,gender) values(-86,'Marta','Female');
insert into person(id,name,gender) values(-87,'Emily','Female');
insert into person(id,name,gender) values(-88,'Cecilia','Female');
insert into person(id,name,gender) values(-89,'Elisa','Female');
insert into person(id,name,gender) values(-90,'Viola','Female');
insert into person(id,name,gender) values(-91,'Giada','Female');
insert into person(id,name,gender) values(-92,'Carlotta','Female');
insert into person(id,name,gender) values(-93,'Maria','Female');
insert into person(id,name,gender) values(-94,'Margherita','Female');
insert into person(id,name,gender) values(-95,'Ambra','Female');
insert into person(id,name,gender) values(-96,'Eleonora','Female');
insert into person(id,name,gender) values(-97,'Asia','Female');
insert into person(id,name,gender) values(-98,'Miriam','Female');
insert into person(id,name,gender) values(-99,'Amelia','Female');
insert into person(id,name,gender) values(-100,'Diletta','Female');
insert into person(id,name,gender) values(-101,'Anita','Female');
insert into person(id,name,gender) values(-102,'Melissa','Female');
insert into person(id,name,gender) values(-103,'Diana','Female');


insert into server_group(id,name) values(-1,'group1');
insert into server_group(id,name) values(-2,'group2');
insert into server_group(id,name) values(-3,'admin');
insert into server_group(id,name) values(-4,'bigserver');

insert into server(id,name,server_group_id,address,owner_id,productive_stage,installed) values(-1,'server1a',-1,'server1a',-2,'production',1);
insert into server(id,name,server_group_id,address,owner_id,productive_stage,installed) values(-2,'server1b',-1,'server1b',-2,'production',0);
insert into server(id,name,server_group_id,address,owner_id,productive_stage) values(-3,'server2a',-2,'server2a',-2,'test');
insert into server(id,name,server_group_id,address,owner_id,productive_stage) values(-4,'server2b',-2,'server2b',-2,'test');
insert into server(id,name,server_group_id,address,owner_id,productive_stage) values(-6,'admin',-1,'localhost',-1,'production');
insert into server(id,name,server_group_id,address,owner_id,productive_stage) values(-10,'bigserver1',-4,'10.0.1.10',-100,'production');
insert into server(id,name,server_group_id,address,owner_id,productive_stage) values(-11,'bigserver2',-4,'10.0.1.11',-99,'production');
insert into server(id,name,server_group_id,address,owner_id,productive_stage) values(-12,'bigserver3',-4,'10.0.1.12',-98,'production');
insert into server(id,name,server_group_id,address,owner_id,productive_stage) values(-13,'bigserver4',-4,'10.0.1.13',-97,'production');
insert into server(id,name,server_group_id,address,owner_id,productive_stage) values(-14,'bigserver5',-4,'10.0.1.14',-96,'production');
insert into server(id,name,server_group_id,address,owner_id,productive_stage) values(-15,'bigserver6',-4,'10.0.1.15',-95,'production');
insert into server(id,name,server_group_id,address,owner_id,productive_stage) values(-16,'bigserver7',-4,'10.0.1.16',-94,'production');
insert into server(id,name,server_group_id,address,owner_id,productive_stage) values(-17,'bigserver8',-4,'10.0.1.17',-93,'production');
insert into server(id,name,server_group_id,address,owner_id,productive_stage) values(-18,'bigserver9',-4,'10.0.1.18',-92,'production');
insert into server(id,name,server_group_id,address,owner_id,productive_stage) values(-19,'bigserver10',-4,'10.0.1.19',-91,'production');
insert into server(id,name,server_group_id,address,owner_id,productive_stage) values(-20,'bigserver11',-4,'10.0.1.20',-90,'production');
insert into server(id,name,server_group_id,address,owner_id,productive_stage) values(-21,'bigserver12',-4,'10.0.1.21',-89,'production');
insert into server(id,name,server_group_id,address,owner_id,productive_stage) values(-22,'bigserver13',-4,'10.0.1.22',-88,'production');
insert into server(id,name,server_group_id,address,owner_id,productive_stage) values(-23,'bigserver14',-4,'10.0.1.23',-87,'production');
insert into server(id,name,server_group_id,address,owner_id,productive_stage) values(-24,'bigserver15',-4,'10.0.1.24',-86,'production');
insert into server(id,name,server_group_id,address,owner_id,productive_stage) values(-25,'bigserver16',-4,'10.0.1.25',-85,'production');
insert into server(id,name,server_group_id,address,owner_id,productive_stage) values(-26,'bigserver17',-4,'10.0.1.26',-84,'production');
insert into server(id,name,server_group_id,address,owner_id,productive_stage) values(-27,'bigserver18',-4,'10.0.1.27',-83,'production');
insert into server(id,name,server_group_id,address,owner_id,productive_stage) values(-28,'bigserver19',-4,'10.0.1.28',-82,'production');
insert into server(id,name,server_group_id,address,owner_id,productive_stage) values(-29,'bigserver20',-4,'10.0.1.29',-81,'production');
insert into server(id,name,server_group_id,address,owner_id,productive_stage) values(-30,'bigserver21',-4,'10.0.1.30',-80,'production');
insert into server(id,name,server_group_id,address,owner_id,productive_stage) values(-31,'bigserver22',-4,'10.0.1.31',-79,'production');
insert into server(id,name,server_group_id,address,owner_id,productive_stage) values(-32,'bigserver23',-4,'10.0.1.32',-78,'production');
insert into server(id,name,server_group_id,address,owner_id,productive_stage) values(-33,'bigserver24',-4,'10.0.1.33',-77,'production');
insert into server(id,name,server_group_id,address,owner_id,productive_stage) values(-34,'bigserver25',-4,'10.0.1.34',-76,'production');
insert into server(id,name,server_group_id,address,owner_id,productive_stage) values(-35,'bigserver26',-4,'10.0.1.35',-75,'production');
insert into server(id,name,server_group_id,address,owner_id,productive_stage) values(-36,'bigserver27',-4,'10.0.1.36',-74,'production');
insert into server(id,name,server_group_id,address,owner_id,productive_stage) values(-37,'bigserver28',-4,'10.0.1.37',-73,'production');
insert into server(id,name,server_group_id,address,owner_id,productive_stage) values(-38,'bigserver29',-4,'10.0.1.38',-72,'production');
insert into server(id,name,server_group_id,address,owner_id,productive_stage) values(-39,'bigserver30',-4,'10.0.1.39',-71,'production');
insert into server(id,name,server_group_id,address,owner_id,productive_stage) values(-40,'bigserver31',-4,'10.0.1.40',-70,'production');
insert into server(id,name,server_group_id,address,owner_id,productive_stage) values(-41,'bigserver32',-4,'10.0.1.41',-69,'production');
insert into server(id,name,server_group_id,address,owner_id,productive_stage) values(-42,'bigserver33',-4,'10.0.1.42',-68,'production');
insert into server(id,name,server_group_id,address,owner_id,productive_stage) values(-43,'bigserver34',-4,'10.0.1.43',-67,'production');
insert into server(id,name,server_group_id,address,owner_id,productive_stage) values(-44,'bigserver35',-4,'10.0.1.44',-66,'production');
insert into server(id,name,server_group_id,address,owner_id,productive_stage) values(-45,'bigserver36',-4,'10.0.1.45',-65,'production');
insert into server(id,name,server_group_id,address,owner_id,productive_stage) values(-46,'bigserver37',-4,'10.0.1.46',-64,'production');
insert into server(id,name,server_group_id,address,owner_id,productive_stage) values(-47,'bigserver38',-4,'10.0.1.47',-63,'production');
insert into server(id,name,server_group_id,address,owner_id,productive_stage) values(-48,'bigserver39',-4,'10.0.1.48',-62,'production');
insert into server(id,name,server_group_id,address,owner_id,productive_stage) values(-49,'bigserver40',-4,'10.0.1.49',-61,'production');
insert into server(id,name,server_group_id,address,owner_id,productive_stage) values(-50,'bigserver41',-4,'10.0.1.50',-60,'production');
insert into server(id,name,server_group_id,address,owner_id,productive_stage) values(-51,'bigserver42',-4,'10.0.1.51',-59,'production');
insert into server(id,name,server_group_id,address,owner_id,productive_stage) values(-52,'bigserver43',-4,'10.0.1.52',-58,'production');
insert into server(id,name,server_group_id,address,owner_id,productive_stage) values(-53,'bigserver44',-4,'10.0.1.53',-57,'production');
insert into server(id,name,server_group_id,address,owner_id,productive_stage) values(-54,'bigserver45',-4,'10.0.1.54',-56,'production');
insert into server(id,name,server_group_id,address,owner_id,productive_stage) values(-55,'bigserver46',-4,'10.0.1.55',-55,'production');
insert into server(id,name,server_group_id,address,owner_id,productive_stage) values(-56,'bigserver47',-4,'10.0.1.56',-54,'production');
